"","Sample_ID","Site_ID","Latitude","Longitude","Elevation_mabsl","Collection_Date","d2H","d18O","Precipitation_mm"
"1","ChileanWaters_0188","isomap_8580100",-41.47,-72.93,13,1991-01-01,-26,-4.9,96.1
"2","ChileanWaters_0189","isomap_8580100",-41.47,-72.93,13,1991-02-01,-24,-3.9,47.9
"3","ChileanWaters_0190","isomap_8580100",-41.47,-72.93,13,1991-03-01,-31,-4.9,84.3
"4","ChileanWaters_0191","isomap_8580100",-41.47,-72.93,13,1991-04-01,-36,-5.7,123.8
"5","ChileanWaters_0192","isomap_8580100",-41.47,-72.93,13,1991-05-01,-73,-10,233.4
"6","ChileanWaters_0193","isomap_8580100",-41.47,-72.93,13,1991-08-01,-43,-7.1,139
"7","ChileanWaters_0194","isomap_8580100",-41.47,-72.93,13,1991-12-01,-55,-7.7,310.7
"8","ChileanWaters_0195","isomap_8580100",-41.47,-72.93,13,1992-04-01,-42,-6.5,248
"9","ChileanWaters_0196","isomap_8580100",-41.47,-72.93,13,1992-05-01,-58,-8.2,246
"10","ChileanWaters_0197","isomap_8580100",-41.47,-72.93,13,1992-06-01,-59,-8.4,217.6
"11","ChileanWaters_0198","isomap_8580100",-41.47,-72.93,13,1992-07-01,-71,-10.3,108.6
"12","ChileanWaters_0199","isomap_8580100",-41.47,-72.93,13,1992-08-01,-52,-7.9,110.4
"13","ChileanWaters_0200","isomap_8580100",-41.47,-72.93,13,1992-09-01,-63,-9.3,202.8
"14","ChileanWaters_0201","isomap_8580100",-41.47,-72.93,13,1992-10-01,-46,-7.4,288.2
"15","ChileanWaters_0202","isomap_8580100",-41.47,-72.93,13,1993-04-01,-37,-5.7,226
"16","ChileanWaters_0203","isomap_8580100",-41.47,-72.93,13,1993-05-01,-94,-13.5,259
"17","ChileanWaters_0204","isomap_8580100",-41.47,-72.93,13,1993-06-01,-46,-7.4,263
"18","ChileanWaters_0205","isomap_8580100",-41.47,-72.93,13,1993-07-01,-48,-7.4,233
"19","ChileanWaters_0206","isomap_8580100",-41.47,-72.93,13,1993-08-01,-51,-7.3,97
"20","ChileanWaters_0207","isomap_8580100",-41.47,-72.93,13,1993-09-01,-28,-4.6,50
"21","ChileanWaters_0208","isomap_8580100",-41.47,-72.93,13,1993-10-01,-28,-4.8,125
"22","ChileanWaters_0209","isomap_8580100",-41.47,-72.93,13,1993-11-01,-37,-6,181
"23","ChileanWaters_0210","isomap_8580100",-41.47,-72.93,13,1993-12-01,-25,-4,90
"24","ChileanWaters_0211","isomap_8580100",-41.47,-72.93,13,1994-03-01,-38,-5.9,59
"25","ChileanWaters_0212","isomap_8580100",-41.47,-72.93,13,1994-04-01,-54,-8.4,152
"26","ChileanWaters_0213","isomap_8580100",-41.47,-72.93,13,1994-05-01,-47,-7.6,248
"27","ChileanWaters_0214","isomap_8580100",-41.47,-72.93,13,1994-06-01,-55,-7.8,314
"28","ChileanWaters_0215","isomap_8580100",-41.47,-72.93,13,1994-07-01,-61,-8.7,215
"29","ChileanWaters_0216","isomap_8580100",-41.47,-72.93,13,1995-03-01,-22,-4.1,60.8
"30","ChileanWaters_0217","isomap_8580100",-41.47,-72.93,13,1995-04-01,-38,-6.2,136.4
"31","ChileanWaters_0218","isomap_8580100",-41.47,-72.93,13,1995-05-01,-33,-5.9,209.8
"32","ChileanWaters_0219","isomap_8580100",-41.47,-72.93,13,1995-06-01,-56,-8.2,292
"33","ChileanWaters_0220","isomap_8580100",-41.47,-72.93,13,1995-07-01,-44,-8,181.4
"34","ChileanWaters_0221","isomap_8580100",-41.47,-72.93,13,1995-08-01,-62,-9.8,163.4
"35","ChileanWaters_0222","isomap_8580100",-41.47,-72.93,13,1995-09-01,-45,-6.5,85.8
"36","ChileanWaters_0223","isomap_8580100",-41.47,-72.93,13,1995-10-01,-49,-7.7,110.5
"37","ChileanWaters_0224","isomap_8580100",-41.47,-72.93,13,1995-11-01,-38,-6.9,49.6
"38","ChileanWaters_0225","isomap_8580100",-41.47,-72.93,13,1995-12-01,-15,-3.6,8.9
"39","ChileanWaters_0226","isomap_8580100",-41.47,-72.93,13,1996-01-01,-26,-3.5,59.3
"40","ChileanWaters_0227","isomap_8580100",-41.47,-72.93,13,1996-02-01,-42,-5.8,69
"41","ChileanWaters_0228","isomap_8580100",-41.47,-72.93,13,1996-03-01,-23,-4.1,146.8
"42","ChileanWaters_0229","isomap_8580100",-41.47,-72.93,13,1996-04-01,-36,-6.1,117.6
"43","ChileanWaters_0230","isomap_8580100",-41.47,-72.93,13,1996-05-01,-46,-6.9,134.2
"44","ChileanWaters_0231","isomap_8580100",-41.47,-72.93,13,1996-06-01,-34,-5.1,68.8
"45","ChileanWaters_0232","isomap_8580100",-41.47,-72.93,13,1996-07-01,-45,-5.7,81.8
"46","ChileanWaters_0233","isomap_8580100",-41.47,-72.93,13,1996-08-01,-47,-7.4,127.2
"47","ChileanWaters_0234","isomap_8580100",-41.47,-72.93,13,1996-09-01,-46,-6.9,98.2
"48","ChileanWaters_0235","isomap_8580100",-41.47,-72.93,13,1996-10-01,-34,-5.2,90
"49","ChileanWaters_0236","isomap_8580100",-41.47,-72.93,13,1996-11-01,-27,-4.4,152.2
"50","ChileanWaters_0237","isomap_8580100",-41.47,-72.93,13,1996-12-01,-20,-3.3,89.5
"51","ChileanWaters_0238","isomap_8580100",-41.47,-72.93,13,1997-01-01,-25,-4.3,248.6
"52","ChileanWaters_0239","isomap_8580100",-41.47,-72.93,13,1997-02-01,-33.5,-4.5,57.4
"53","ChileanWaters_0240","isomap_8580100",-41.47,-72.93,13,1997-03-01,-24,-3.5,41
"54","ChileanWaters_0241","isomap_8580100",-41.47,-72.93,13,1997-04-01,-47,-6.7,276.7
"55","ChileanWaters_0242","isomap_8580100",-41.47,-72.93,13,1997-05-01,-58,-9.1,111.9
"56","ChileanWaters_0243","isomap_8580100",-41.47,-72.93,13,1997-06-01,-46.5,-7.3,356.5
"57","ChileanWaters_0244","isomap_8580100",-41.47,-72.93,13,1997-07-01,-54.4,-8.1,279.6
"58","ChileanWaters_0245","isomap_8580100",-41.47,-72.93,13,1997-08-01,-61.4,-8.8,192.2
"59","ChileanWaters_0246","isomap_8580100",-41.47,-72.93,13,1997-09-01,-62.7,-8.7,135.3
"60","ChileanWaters_0247","isomap_8580100",-41.47,-72.93,13,1997-10-01,-62.4,-8.9,177.2
"61","ChileanWaters_0248","isomap_8580100",-41.47,-72.93,13,1997-11-01,-21.8,-2.9,10.8
"62","ChileanWaters_0249","isomap_8580100",-41.47,-72.93,13,1998-01-01,-14.2,-2.6,39.2
"63","ChileanWaters_0250","isomap_8580100",-41.47,-72.93,13,1998-02-01,-18.2,-2.8,11.2
"64","ChileanWaters_0251","isomap_8580100",-41.47,-72.93,13,1998-03-01,-42.8,-6.5,86.4
"65","ChileanWaters_0252","isomap_8580100",-41.47,-72.93,13,1998-04-01,-43.1,-6.7,74.8
"66","ChileanWaters_0253","isomap_8580100",-41.47,-72.93,13,1998-05-01,-39.5,-5.9,111.2
"67","ChileanWaters_0254","isomap_8580100",-41.47,-72.93,13,1998-06-01,-62,-8.8,100
"68","ChileanWaters_0255","isomap_8580100",-41.47,-72.93,13,1998-07-01,-45.7,-6.9,130.8
"69","ChileanWaters_0256","isomap_8580100",-41.47,-72.93,13,1998-08-01,-48.4,-7.5,208.9
"70","ChileanWaters_0257","isomap_8580100",-41.47,-72.93,13,1998-09-01,-49,-7.4,92.6
"71","ChileanWaters_0258","isomap_8580100",-41.47,-72.93,13,1998-10-01,-37.9,-5.8,55.4
"72","ChileanWaters_0259","isomap_8580100",-41.47,-72.93,13,1998-11-01,-33.6,-5.1,76.4
"73","ChileanWaters_0260","isomap_8580100",-41.47,-72.93,13,1998-12-01,-13.6,-2.4,63.2
"74","ChileanWaters_0261","isomap_8580100",-41.47,-72.93,13,1999-01-01,-16.5,-4.3,66.6
"75","ChileanWaters_0262","isomap_8580100",-41.47,-72.93,13,1999-02-01,-56.4,-8.4,45.2
"76","ChileanWaters_0263","isomap_8580100",-41.47,-72.93,13,1999-03-01,-37.2,-6.2,116.8
"77","ChileanWaters_0264","isomap_8580100",-41.47,-72.93,13,1999-04-01,-27,-4.8,65
"78","ChileanWaters_0265","isomap_8580100",-41.47,-72.93,13,1999-05-01,-65.2,-9.3,125.4
"79","ChileanWaters_0266","isomap_8580100",-41.47,-72.93,13,1999-06-01,-65.2,-9.6,247.4
"80","ChileanWaters_0267","isomap_8580100",-41.47,-72.93,13,1999-07-01,-49.4,-7.3,136.4
"81","ChileanWaters_0268","isomap_8580100",-41.47,-72.93,13,1999-08-01,-51.7,-7.5,207.8
"82","ChileanWaters_0269","isomap_8580100",-41.47,-72.93,13,1999-09-01,-51.2,-7.5,138
"83","ChileanWaters_0270","isomap_8580100",-41.47,-72.93,13,1999-10-01,-27.3,-4.3,50.4
"84","ChileanWaters_0271","isomap_8580100",-41.47,-72.93,13,1999-11-01,-14.2,-2.9,67.4
"85","ChileanWaters_0272","isomap_8580100",-41.47,-72.93,13,1999-12-01,-25.4,-4.3,79.6
"86","ChileanWaters_0273","isomap_8580100",-41.47,-72.93,13,2002-01-01,-16.9,-2.8,70
"87","ChileanWaters_0274","isomap_8580100",-41.47,-72.93,13,2002-02-01,-28.1,-4.8,113.8
"88","ChileanWaters_0275","isomap_8580100",-41.47,-72.93,13,2002-03-01,-32.8,-5.8,115.5
"89","ChileanWaters_0276","isomap_8580100",-41.47,-72.93,13,2002-04-01,-43.5,-7.1,151.6
"90","ChileanWaters_0277","isomap_8580100",-41.47,-72.93,13,2002-05-01,-66.7,-10.1,345.2
"91","ChileanWaters_0278","isomap_8580100",-41.47,-72.93,13,2002-06-01,-57.5,-8.6,209.8
"92","ChileanWaters_0279","isomap_8580100",-41.47,-72.93,13,2002-07-01,-52.5,-7.8,130.8
"93","ChileanWaters_0280","isomap_8580100",-41.47,-72.93,13,2002-08-01,-52.8,-7.8,196.8
"94","ChileanWaters_0281","isomap_8580100",-41.47,-72.93,13,2002-09-01,-27.4,-4.3,178.4
"95","ChileanWaters_0282","isomap_8580100",-41.47,-72.93,13,2002-10-01,-60.2,-8.7,260.4
"96","ChileanWaters_0283","isomap_8580100",-41.47,-72.93,13,2002-11-01,-35.5,-5.5,170.2
"97","ChileanWaters_0284","isomap_8580100",-41.47,-72.93,13,2002-12-01,-8.8,-2.1,92.8
"98","ChileanWaters_0285","isomap_8580100",-41.47,-72.93,13,2003-07-01,-75.1,-10.9,127.8
"99","ChileanWaters_0286","isomap_8580100",-41.47,-72.93,13,2003-08-01,-40.1,-6.2,182.8
"100","ChileanWaters_0287","isomap_8580100",-41.47,-72.93,13,2003-09-01,-52.6,-7.1,140
"101","ChileanWaters_0288","isomap_8580100",-41.47,-72.93,13,2003-10-01,-34.3,-4.9,94.8
"102","ChileanWaters_0289","isomap_8580100",-41.47,-72.93,13,2003-11-01,-33.4,-5.2,131.3
"103","ChileanWaters_0290","isomap_8580100",-41.47,-72.93,13,2003-12-01,-14.1,-3.1,122
"104","ChileanWaters_0291","isomap_8580100",-41.47,-72.93,13,2004-01-01,-24.4,-3.7,67.8
"105","ChileanWaters_0292","isomap_8580100",-41.47,-72.93,13,2004-03-01,-27,-4.6,116.4
"106","ChileanWaters_0293","isomap_8580100",-41.47,-72.93,13,2004-04-01,-40.8,-6.3,265.6
"107","ChileanWaters_0294","isomap_8580100",-41.47,-72.93,13,2004-05-01,-39.3,-6.6,49.6
"108","ChileanWaters_0295","isomap_8580100",-41.47,-72.93,13,2004-06-01,-45.7,-7.5,326
"109","ChileanWaters_0296","isomap_8580100",-41.47,-72.93,13,2004-07-01,-59.3,-9.1,133.8
"110","ChileanWaters_0297","isomap_8580100",-41.47,-72.93,13,2004-08-01,-52.2,-7.5,103.8
"111","ChileanWaters_0298","isomap_8580100",-41.47,-72.93,13,2004-09-01,-32.6,-5.5,103.8
"112","ChileanWaters_0299","isomap_8580100",-41.47,-72.93,13,2004-10-01,-41.7,-6.2,170.4
"113","ChileanWaters_0300","isomap_8580100",-41.47,-72.93,13,2004-11-01,-15.8,-1.2,81
"114","ChileanWaters_0301","isomap_8580100",-41.47,-72.93,13,2004-12-01,-18.4,-3,84.6
"115","ChileanWaters_0302","isomap_8580100",-41.47,-72.93,13,2005-01-01,-19.3,-2.8,68
"116","ChileanWaters_0303","isomap_8580100",-41.47,-72.93,13,2005-02-01,-4.4,1.1,14.8
"117","ChileanWaters_0304","isomap_8580100",-41.47,-72.93,13,2005-03-01,-32.4,-5.4,192
"118","ChileanWaters_0305","isomap_8580100",-41.47,-72.93,13,2005-04-01,-35.8,-5.9,126.6
"119","ChileanWaters_0306","isomap_8580100",-41.47,-72.93,13,2005-05-01,-32.7,-5.5,388.1
"120","ChileanWaters_0307","isomap_8580100",-41.47,-72.93,13,2005-06-01,-46.8,-7.4,226
"121","ChileanWaters_0308","isomap_8580100",-41.47,-72.93,13,2005-07-01,-54.6,-8.2,212.8
"122","ChileanWaters_0309","isomap_8580100",-41.47,-72.93,13,2005-08-01,-56.6,-8.3,201.4
"123","ChileanWaters_0310","isomap_8580100",-41.47,-72.93,13,2005-09-01,-53.4,-7.6,71.4
"124","ChileanWaters_0311","isomap_8580100",-41.47,-72.93,13,2005-10-01,-45.4,-6.5,44.8
"125","ChileanWaters_0312","isomap_8580100",-41.47,-72.93,13,2005-11-01,-28,-4.2,169.7
"126","ChileanWaters_0313","isomap_8580100",-41.47,-72.93,13,2005-12-01,-40.5,-6.1,52
"127","ChileanWaters_0314","isomap_8580100",-41.47,-72.93,13,2006-01-01,-25.3,-3.7,137.5
"128","ChileanWaters_0315","isomap_8580100",-41.47,-72.93,13,2006-02-01,-35.9,-5.4,70.7
"129","ChileanWaters_0316","isomap_8580100",-41.47,-72.93,13,2006-03-01,-39.3,-6.2,149
"130","ChileanWaters_0317","isomap_8580100",-41.47,-72.93,13,2006-04-01,-48.3,-6.8,163.2
"131","ChileanWaters_0318","isomap_8580100",-41.47,-72.93,13,2006-05-01,-61,-8.9,156.6
"132","ChileanWaters_0319","isomap_8580100",-41.47,-72.93,13,2006-06-01,-55.5,-8,293.2
"133","ChileanWaters_0320","isomap_8580100",-41.47,-72.93,13,2006-07-01,-57.4,-8.7,280.4
"134","ChileanWaters_0321","isomap_8580100",-41.47,-72.93,13,2006-08-01,-52.8,-8,126
"135","ChileanWaters_0322","isomap_8580100",-41.47,-72.93,13,2006-09-01,-37.2,-5.7,138.8
"136","ChileanWaters_0323","isomap_8580100",-41.47,-72.93,13,2006-10-01,-37.7,-6.4,176.2
"137","ChileanWaters_0324","isomap_8580100",-41.47,-72.93,13,2006-11-01,-38.2,-5,63.9
"138","ChileanWaters_0325","isomap_8580100",-41.47,-72.93,13,2006-12-01,-35.1,-4.9,175.2
"139","ChileanWaters_0326","isomap_8580100",-41.47,-72.93,13,2007-01-01,-37,-4.8,21.6
"140","ChileanWaters_0327","isomap_8580100",-41.47,-72.93,13,2007-02-01,-40.7,-6.2,44.8
"141","ChileanWaters_0328","isomap_8580100",-41.47,-72.93,13,2007-03-01,-26.8,-3.9,77.4
"142","ChileanWaters_0329","isomap_8580100",-41.47,-72.93,13,2007-04-01,-21.1,-4.4,141.1
"143","ChileanWaters_0330","isomap_8580100",-41.47,-72.93,13,2007-05-01,-36,-5.9,82.9
"144","ChileanWaters_0331","isomap_8580100",-41.47,-72.93,13,2007-06-01,-42.2,-6.9,138.4
"145","ChileanWaters_0332","isomap_8580100",-41.47,-72.93,13,2007-07-01,-51.7,-7.7,178.2
"146","ChileanWaters_0333","isomap_8580100",-41.47,-72.93,13,2007-08-01,-65.4,-9,148.2
"147","ChileanWaters_0334","isomap_8580100",-41.47,-72.93,13,2007-09-01,-49.4,-7.3,81.7
"148","ChileanWaters_0335","isomap_8580100",-41.47,-72.93,13,2007-10-01,-37.5,-5.5,144.8
"149","ChileanWaters_0336","isomap_8580100",-41.47,-72.93,13,2007-11-01,-30.3,-4.5,51.4
"150","ChileanWaters_0337","isomap_8580100",-41.47,-72.93,13,2007-12-01,-21,-2.7,61
"151","ChileanWaters_0338","isomap_8580100",-41.47,-72.93,13,2008-01-01,-3.9,-0.4,39.7
"152","ChileanWaters_0339","isomap_8580100",-41.47,-72.93,13,2008-02-01,-17.2,-1.8,43.8
"153","ChileanWaters_0340","isomap_8580100",-41.47,-72.93,13,2008-04-01,-32.8,-5.5,160.6
"154","ChileanWaters_0341","isomap_8580100",-41.47,-72.93,13,2008-05-01,-49.6,-7.7,354.6
"155","ChileanWaters_0342","isomap_8580100",-41.47,-72.93,13,2008-06-01,-35.3,-5.5,169.2
"156","ChileanWaters_0343","isomap_8580100",-41.47,-72.93,13,2008-07-01,-52,-7.5,268.4
"157","ChileanWaters_0344","isomap_8580100",-41.47,-72.93,13,2008-08-01,-48.6,-7.3,233.2
"158","ChileanWaters_0345","isomap_8580100",-41.47,-72.93,13,2008-09-01,-45.5,-6,42.9
"159","ChileanWaters_0346","isomap_8580100",-41.47,-72.93,13,2008-10-01,-21.9,-2.5,59.4
"160","ChileanWaters_0347","isomap_8580100",-41.47,-72.93,13,2008-11-01,-29.4,-4.3,119.8
"161","ChileanWaters_0348","isomap_8580100",-41.47,-72.93,13,2008-12-01,-28,-4.2,29.8
"162","ChileanWaters_0349","isomap_8580100",-41.47,-72.93,13,2009-02-01,-37.8,-5,115.6
"163","ChileanWaters_0350","isomap_8580100",-41.47,-72.93,13,2009-03-01,-7.2,-1.3,66.6
"164","ChileanWaters_0351","isomap_8580100",-41.47,-72.93,13,2009-04-01,-17.4,-3.1,141
"165","ChileanWaters_0352","isomap_8580100",-41.47,-72.93,13,2009-05-01,-43.9,-6.8,215.8
"166","ChileanWaters_0353","isomap_8580100",-41.47,-72.93,13,2009-06-01,-79.3,-11.5,187.6
"167","ChileanWaters_0354","isomap_8580100",-41.47,-72.93,13,2009-07-01,-47.9,-7.4,82.8
"168","ChileanWaters_0355","isomap_8580100",-41.47,-72.93,13,2009-08-01,-50.7,-7.3,263
"169","ChileanWaters_0356","isomap_8580100",-41.47,-72.93,13,2009-09-01,-49.3,-7,70.8
"170","ChileanWaters_0357","isomap_8580100",-41.47,-72.93,13,2009-10-01,-45.9,-6.9,137.1
"171","ChileanWaters_0358","isomap_8580100",-41.47,-72.93,13,2009-11-01,-41.7,-5.8,162.6
"172","ChileanWaters_0359","isomap_8580100",-41.47,-72.93,13,2009-12-01,-37.9,-5.3,118.6
"173","ChileanWaters_0360","isomap_8580100",-41.47,-72.93,13,2010-01-01,-31.8,-3.2,94.4
"174","ChileanWaters_0361","isomap_8580100",-41.47,-72.93,13,2010-02-01,-47.3,-5.4,76.2
"175","ChileanWaters_0362","isomap_8580100",-41.47,-72.93,13,2010-03-01,-31.7,-3.9,114.8
"176","ChileanWaters_0363","isomap_8580100",-41.47,-72.93,13,2010-04-01,-23.4,-3,67.8
"177","ChileanWaters_0364","isomap_8580100",-41.47,-72.93,13,2010-05-01,-33.6,-4.6,111.6
"178","ChileanWaters_0365","isomap_8580100",-41.47,-72.93,13,2010-06-01,-40.5,-5.8,197.4
"179","ChileanWaters_0366","isomap_8580100",-41.47,-72.93,13,2010-07-01,-69,-9.6,123
"180","ChileanWaters_0367","isomap_8580100",-41.47,-72.93,13,2010-08-01,-57.5,-7.4,156
"181","ChileanWaters_0368","isomap_8580100",-41.47,-72.93,13,2010-09-01,-32.3,-4.9,84.8
"182","ChileanWaters_0369","isomap_8580100",-41.47,-72.93,13,2010-10-01,-35.3,-4.9,94
"183","ChileanWaters_0370","isomap_8580100",-41.47,-72.93,13,2010-11-01,-45.9,-4.9,94.6
"184","ChileanWaters_0371","isomap_8580100",-41.47,-72.93,13,2010-12-01,-18.8,-1.6,78.6
"185","ChileanWaters_0372","isomap_8580100",-41.47,-72.93,13,2011-01-01,-22.3,-3.3,115.6
"186","ChileanWaters_0373","isomap_8580100",-41.47,-72.93,13,2011-03-01,-26.2,-4.9,190.8
"187","ChileanWaters_0374","isomap_8580100",-41.47,-72.93,13,2011-04-01,-21.7,-5.6,122
"188","ChileanWaters_0375","isomap_8580100",-41.47,-72.93,13,2011-05-01,-40.7,-6.6,136.2
"189","ChileanWaters_0376","isomap_8580100",-41.47,-72.93,13,2011-06-01,-43.8,-7,188
"190","ChileanWaters_0377","isomap_8580100",-41.47,-72.93,13,2011-07-01,-46.2,-7.2,264.4
"191","ChileanWaters_0378","isomap_8580100",-41.47,-72.93,13,2011-08-01,-33.3,-4.8,200.8
"192","ChileanWaters_0379","isomap_8580100",-41.47,-72.93,13,2011-09-01,-40.4,-6.2,173
"193","ChileanWaters_0380","isomap_8580100",-41.47,-72.93,13,2011-10-01,-8.4,-0.6,61.6
"194","ChileanWaters_0381","isomap_8580100",-41.47,-72.93,13,2011-11-01,-1.8,0.5,136.7
"195","ChileanWaters_0382","isomap_8580100",-41.47,-72.93,13,2012-01-01,-37.8,-6.3,70.2
"196","ChileanWaters_0383","isomap_8580100",-41.47,-72.93,13,2012-02-01,-46.9,-7.1,146.8
"197","ChileanWaters_0384","isomap_8580100",-41.47,-72.93,13,2012-03-01,-32.8,-5.5,26.4
"198","ChileanWaters_0385","isomap_8580100",-41.47,-72.93,13,2012-04-01,-38.4,-5.3,87.2
"199","ChileanWaters_0386","isomap_8580100",-41.47,-72.93,13,2012-05-01,-20.5,-2.4,226.4
"200","ChileanWaters_0387","isomap_8580100",-41.47,-72.93,13,2012-06-01,8.8,2.5,243
"201","ChileanWaters_0388","isomap_8580100",-41.47,-72.93,13,2012-07-01,-10.1,-1.4,166.8
"202","ChileanWaters_0389","isomap_8580100",-41.47,-72.93,13,2012-08-01,-28.3,-3.8,162.4
"203","ChileanWaters_0390","isomap_8580100",-41.47,-72.93,13,2012-09-01,-31.6,-4.3,83.4
"204","ChileanWaters_0391","isomap_8580100",-41.47,-72.93,13,2012-10-01,-6.9,-1,50.9
"205","ChileanWaters_0392","isomap_8580100",-41.47,-72.93,13,2012-11-01,-6.1,0.4,26.6
"206","ChileanWaters_0393","isomap_8580100",-41.47,-72.93,13,2012-12-01,-64.4,-9.2,226.6
"207","ChileanWaters_0394","isomap_8580100",-41.47,-72.93,13,2013-01-01,-57.4,-8.2,37.8
"208","ChileanWaters_0395","isomap_8580100",-41.47,-72.93,13,2013-02-01,-34.4,-5.5,117.4
"209","ChileanWaters_0396","isomap_8580100",-41.47,-72.93,13,2013-03-01,-21.8,-4.2,103
"210","ChileanWaters_0397","isomap_8580100",-41.47,-72.93,13,2013-04-01,-22,-4.1,136.8
"211","ChileanWaters_0398","isomap_8580100",-41.47,-72.93,13,2013-05-01,-17.4,-0.8,232
"212","ChileanWaters_0399","isomap_8580100",-41.47,-72.93,13,2013-06-01,-13.5,-1.3,225
"213","ChileanWaters_0400","isomap_8580100",-41.47,-72.93,13,2013-07-01,1,1.3,175.2
"214","ChileanWaters_0401","isomap_8580100",-41.47,-72.93,13,2013-08-01,-2.1,-2.6,229
"215","ChileanWaters_0402","isomap_8580100",-41.47,-72.93,13,2013-09-01,9,0.2,135.4
"216","ChileanWaters_0403","isomap_8580100",-41.47,-72.93,13,2013-10-01,0.7,-1.9,81.2
"217","ChileanWaters_0404","isomap_8580100",-41.47,-72.93,13,2013-11-01,8.8,-1.2,75
"218","ChileanWaters_0405","isomap_8580100",-41.47,-72.93,13,2013-12-01,18.4,3.5,47.6
"219","ChileanWaters_0406","isomap_8580100",-41.47,-72.93,13,2014-01-01,-3.8,-0.2,95.4
"220","ChileanWaters_0407","isomap_8580100",-41.47,-72.93,13,2014-02-01,11.2,-1.8,60.2
"221","ChileanWaters_0408","isomap_8580100",-41.47,-72.93,13,2014-03-01,-13.5,-2.5,115.8
"222","ChileanWaters_0409","isomap_8580100",-41.47,-72.93,13,2014-05-01,-32.5,-5.6,190
"223","ChileanWaters_0410","isomap_8580100",-41.47,-72.93,13,2014-06-01,-101.1,-14.5,238.4
"224","ChileanWaters_0411","isomap_8580100",-41.47,-72.93,13,2014-07-01,-55.4,-7.7,202.2
"225","ChileanWaters_0412","isomap_8580100",-41.47,-72.93,13,2014-08-01,-47,-5.4,122.6
"226","ChileanWaters_0413","isomap_8580100",-41.47,-72.93,13,2014-09-01,-36.7,-5.4,138.4
"227","ChileanWaters_0414","isomap_8580100",-41.47,-72.93,13,2014-10-01,-28.2,-5.5,103.2
"228","ChileanWaters_0415","isomap_8580100",-41.47,-72.93,13,2014-11-01,12,0.7,52
"229","ChileanWaters_0416","isomap_8580100",-41.47,-72.93,13,2014-12-01,11.7,2.5,44.8
"230","ChileanWaters_0417","isomap_8580100",-41.47,-72.93,13,2015-01-01,-30.2,-4.8,9.6
"231","ChileanWaters_0418","isomap_8580100",-41.47,-72.93,13,2015-02-01,-34,-6,25.6
"232","ChileanWaters_0419","isomap_8580100",-41.47,-72.93,13,2015-03-01,-22.7,-4.3,55.6
"233","ChileanWaters_0420","isomap_8580100",-41.47,-72.93,13,2015-04-01,-34.5,-5.2,99
"234","ChileanWaters_0421","isomap_8580100",-41.47,-72.93,13,2015-05-01,-27.1,-4.9,224.6
"235","ChileanWaters_0422","isomap_8580100",-41.47,-72.93,13,2015-06-01,-30,-5.2,164.8
"236","ChileanWaters_0423","isomap_8580100",-41.47,-72.93,13,2015-07-01,-46.2,-7,270.9
"237","ChileanWaters_0424","isomap_8580100",-41.47,-72.93,13,2015-08-01,-55.1,-8,264.6
"238","ChileanWaters_0425","isomap_8580100",-41.47,-72.93,13,2015-09-01,-40.3,-6,80.8
"239","ChileanWaters_0426","isomap_8580100",-41.47,-72.93,13,2015-10-01,-19.2,-2.9,64
"240","ChileanWaters_0427","isomap_8580100",-41.47,-72.93,13,2015-11-01,-31.1,-5.6,101
"241","ChileanWaters_0428","isomap_8580100",-41.47,-72.93,13,2015-12-01,-0.8,-0.1,72.4
"242","isomap_123564","isomap_8776501",-41.15,-71.33,790,1999-01-31,-68,-8.1,7.7
"243","isomap_123565","isomap_8776501",-41.15,-71.33,790,1999-02-28,-72,-9.3,9
"244","isomap_123566","isomap_8776501",-41.15,-71.33,790,1999-03-31,-70,-10.5,13.5
"245","isomap_123567","isomap_8776501",-41.15,-71.33,790,1999-04-30,-55,-7.3,12
"246","isomap_123568","isomap_8776501",-41.15,-71.33,790,1999-05-31,-136,-18.1,64.5
"247","isomap_123569","isomap_8776501",-41.15,-71.33,790,1999-06-30,-90,-12.8,128.5
"248","isomap_123570","isomap_8776501",-41.15,-71.33,790,1999-07-31,-92,-12.4,71.6
"249","isomap_123571","isomap_8776501",-41.15,-71.33,790,1999-08-31,-84,-11.9,143.6
"250","isomap_123572","isomap_8776501",-41.15,-71.33,790,1999-09-30,-93,-12.5,66.2
"251","isomap_123573","isomap_8776501",-41.15,-71.33,790,1999-10-31,-42,-5.7,3.6
"252","isomap_123574","isomap_8776501",-41.15,-71.33,790,1999-11-30,-54,-4.8,10.2
"253","isomap_123575","isomap_8776501",-41.15,-71.33,790,1999-12-31,-62,-8.2,43.4
"254","isomap_143625","isomap_8776501",-41.15,-71.33,790,2002-01-31,-63,-8,13.7
"255","isomap_143626","isomap_8776501",-41.15,-71.33,790,2002-02-28,-51,-7.6,92.2
"256","isomap_143629","isomap_8776501",-41.15,-71.33,790,2002-05-31,-91,-12.6,192.5
"257","isomap_143630","isomap_8776501",-41.15,-71.33,790,2002-06-30,-93,-13.1,101
"258","isomap_143631","isomap_8776501",-41.15,-71.33,790,2002-07-31,-99,-13.5,87
"259","isomap_143632","isomap_8776501",-41.15,-71.33,790,2002-08-31,-116,-15.6,205
"260","isomap_143633","isomap_8776501",-41.15,-71.33,790,2002-09-30,-99,-13.5,117
"261","isomap_143634","isomap_8776501",-41.15,-71.33,790,2002-10-31,-70,-10.9,312
"262","isomap_143635","isomap_8776501",-41.15,-71.33,790,2002-11-30,-83,-11.3,140.5
"263","isomap_143636","isomap_8776501",-41.15,-71.33,790,2002-12-31,-73,-9.6,42
"264","isomap_358959","isomap_8567200",-36.6395,-72.09198611,147,1988-10-31,-37,-6.8,33
"265","isomap_358960","isomap_8567200",-36.6395,-72.09198611,147,1988-11-30,-42,-6.6,33
"266","isomap_358961","isomap_8567200",-36.6395,-72.09198611,147,1988-12-31,-24,NA,12
"267","isomap_358963","isomap_8567200",-36.6395,-72.09198611,147,1989-02-28,-19,-2.5,7
"268","isomap_358966","isomap_8567200",-36.6395,-72.09198611,147,1989-05-31,-38,-6.9,61
"269","isomap_358967","isomap_8567200",-36.6395,-72.09198611,147,1989-06-30,-53,-8.3,258
"270","isomap_358968","isomap_8567200",-36.6395,-72.09198611,147,1989-07-31,-48,-9.2,209
"271","isomap_358969","isomap_8567200",-36.6395,-72.09198611,147,1989-08-31,-53,-8,131
"272","isomap_358970","isomap_8567200",-36.6395,-72.09198611,147,1989-09-30,-44,-7.9,41
"273","isomap_358971","isomap_8567200",-36.6395,-72.09198611,147,1989-10-31,-25,-6.3,16
"274","isomap_358976","isomap_8567200",-36.6395,-72.09198611,147,1990-03-31,-48,-7.1,114
"275","isomap_358977","isomap_8567200",-36.6395,-72.09198611,147,1990-04-30,-27,-5.3,52
"276","isomap_358978","isomap_8567200",-36.6395,-72.09198611,147,1990-05-31,-39,-6.2,71
"277","isomap_358979","isomap_8567200",-36.6395,-72.09198611,147,1990-06-30,-36,-6.2,82
"278","isomap_358980","isomap_8567200",-36.6395,-72.09198611,147,1990-07-31,-48,-6.2,106
"279","isomap_358981","isomap_8567200",-36.6395,-72.09198611,147,1990-08-31,-29,-4.5,97
"280","isomap_358982","isomap_8567200",-36.6395,-72.09198611,147,1990-09-30,-52,-7.9,165
"281","isomap_358983","isomap_8567200",-36.6395,-72.09198611,147,1990-10-31,-56,-7.6,55
"282","isomap_358984","isomap_8567200",-36.6395,-72.09198611,147,1990-11-30,-30,-5.7,25
"283","isomap_358989","isomap_8567200",-36.6395,-72.09198611,147,1991-04-30,-47,-6.7,106
"284","isomap_358990","isomap_8567200",-36.6395,-72.09198611,147,1991-05-31,-54,-7.8,379
"285","isomap_358991","isomap_8567200",-36.6395,-72.09198611,147,1991-06-30,-46,-6.7,181
"286","isomap_358992","isomap_8567200",-36.6395,-72.09198611,147,1991-07-31,-46,-6.7,181
"287","isomap_358993","isomap_8567200",-36.6395,-72.09198611,147,1991-08-31,-48,-7.5,41
"288","isomap_358994","isomap_8567200",-36.6395,-72.09198611,147,1991-09-30,-35,-6.3,116
"289","isomap_358995","isomap_8567200",-36.6395,-72.09198611,147,1991-10-31,-39,-6.8,71
"290","isomap_358996","isomap_8567200",-36.6395,-72.09198611,147,1991-11-30,-43,-6.5,22
"291","isomap_358997","isomap_8567200",-36.6395,-72.09198611,147,1991-12-31,-45,-6.5,67
"292","isomap_359000","isomap_8568200",-36.79744444,-73.03333333,11,1989-03-31,-28,-2.5,28
"293","isomap_359001","isomap_8568200",-36.79744444,-73.03333333,11,1989-04-30,9,-1.3,3
"294","isomap_359002","isomap_8568200",-36.79744444,-73.03333333,11,1989-05-31,-24,-2,37
"295","isomap_359004","isomap_8568200",-36.79744444,-73.03333333,11,1989-07-31,-40,-6.6,224
"296","isomap_359005","isomap_8568200",-36.79744444,-73.03333333,11,1989-08-31,-15,-2,176
"297","isomap_359007","isomap_8568200",-36.79744444,-73.03333333,11,1989-10-31,-4,-1.2,33
"298","isomap_359009","isomap_8568200",-36.79744444,-73.03333333,11,1989-12-31,5,0.1,88
"299","isomap_359012","isomap_8568200",-36.79744444,-73.03333333,11,1990-03-31,-19,-3.8,127
"300","isomap_359013","isomap_8568200",-36.79744444,-73.03333333,11,1990-04-30,-15,-2.1,50
"301","isomap_359014","isomap_8568200",-36.79744444,-73.03333333,11,1990-05-31,-25,-5.9,97
"302","isomap_359015","isomap_8568200",-36.79744444,-73.03333333,11,1990-06-30,-16,-2.8,105
"303","isomap_359016","isomap_8568200",-36.79744444,-73.03333333,11,1990-07-31,-30,-4.5,104
"304","isomap_359017","isomap_8568200",-36.79744444,-73.03333333,11,1990-08-31,-20,-3.4,139
"305","isomap_359018","isomap_8568200",-36.79744444,-73.03333333,11,1990-09-30,-36,-3.8,114
"306","isomap_359019","isomap_8568200",-36.79744444,-73.03333333,11,1990-10-31,-38,-6.9,51
"307","isomap_359024","isomap_8568200",-36.79744444,-73.03333333,11,1991-03-31,9,3.4,9
"308","isomap_359029","isomap_8568200",-36.79744444,-73.03333333,11,1991-08-31,-23,-4.8,88
"309","isomap_359031","isomap_8568200",-36.79744444,-73.03333333,11,1991-10-31,-5,1.4,64
"310","isomap_359033","isomap_8568200",-36.79744444,-73.03333333,11,1991-12-31,-33,-3.7,97
"311","isomap_359043","isomap_8586400",-45.35,-72.07,310,1988-10-31,-107,-15.8,65
"312","isomap_359045","isomap_8586400",-45.35,-72.07,310,1988-12-31,-77,-13,83
"313","isomap_359046","isomap_8586400",-45.35,-72.07,310,1989-01-31,-72,-9.1,52
"314","isomap_359047","isomap_8586400",-45.35,-72.07,310,1989-02-28,-61,-7,26
"315","isomap_359048","isomap_8586400",-45.35,-72.07,310,1989-03-31,-40,-3.9,9
"316","isomap_359049","isomap_8586400",-45.35,-72.07,310,1989-04-30,-63,-6.4,165
"317","isomap_359050","isomap_8586400",-45.35,-72.07,310,1989-05-31,-102,-12.8,29
"318","isomap_359051","isomap_8586400",-45.35,-72.07,310,1989-06-30,-100,-12.8,137
"319","isomap_359053","isomap_8586400",-45.35,-72.07,310,1989-08-31,-105,-15,156
"320","isomap_359054","isomap_8586400",-45.35,-72.07,310,1989-09-30,-78,-11.4,13
"321","isomap_359055","isomap_8586400",-45.35,-72.07,310,1989-10-31,-61,-8.8,17
"322","isomap_359056","isomap_8586400",-45.35,-72.07,310,1989-11-30,-56,-8,20
"323","isomap_359057","isomap_8586400",-45.35,-72.07,310,1989-12-31,-67,-9.7,184
"324","isomap_359058","isomap_8586400",-45.35,-72.07,310,1990-01-31,-81,-10.5,46
"325","isomap_359059","isomap_8586400",-45.35,-72.07,310,1990-02-28,-28,-5.3,23
"326","isomap_359060","isomap_8586400",-45.35,-72.07,310,1990-03-31,-99,-13.6,70
"327","isomap_359061","isomap_8586400",-45.35,-72.07,310,1990-04-30,-108,-15,67
"328","isomap_359062","isomap_8586400",-45.35,-72.07,310,1990-05-31,-99,-15.2,244
"329","isomap_359063","isomap_8586400",-45.35,-72.07,310,1990-06-30,-93,-15,183
"330","isomap_359064","isomap_8586400",-45.35,-72.07,310,1990-07-31,-75,-9.4,101
"331","isomap_359065","isomap_8586400",-45.35,-72.07,310,1990-08-31,-99,-13,151
"332","isomap_359066","isomap_8586400",-45.35,-72.07,310,1990-09-30,-92,-11.7,98
"333","isomap_359067","isomap_8586400",-45.35,-72.07,310,1990-10-31,-81,-9.8,57
"334","isomap_359068","isomap_8586400",-45.35,-72.07,310,1990-11-30,-88,-11.3,52
"335","isomap_359069","isomap_8586400",-45.35,-72.07,310,1990-12-31,-77,-9.2,38
"336","isomap_359070","isomap_8586400",-45.35,-72.07,310,1991-01-31,-72,-9.8,43
"337","isomap_359071","isomap_8586400",-45.35,-72.07,310,1991-02-28,-63,-8.1,61
"338","isomap_359072","isomap_8586400",-45.35,-72.07,310,1991-03-31,-64,-9.1,61
"339","isomap_359073","isomap_8586400",-45.35,-72.07,310,1991-04-30,-79,-11.4,86
"340","isomap_359074","isomap_8586400",-45.35,-72.07,310,1991-05-31,-89,-12.5,143
"341","isomap_359075","isomap_8586400",-45.35,-72.07,310,1991-06-30,-103,-14,60
"342","isomap_359076","isomap_8586400",-45.35,-72.07,310,1991-07-31,-98,-13.8,142
"343","isomap_359077","isomap_8586400",-45.35,-72.07,310,1991-08-31,-94,-12.4,107
"344","isomap_359078","isomap_8586400",-45.35,-72.07,310,1991-09-30,-115,-15.2,125
"345","isomap_359079","isomap_8586400",-45.35,-72.07,310,1991-10-31,-88,-11,52
"346","isomap_359080","isomap_8586400",-45.35,-72.07,310,1991-11-30,-69,-7.8,59
"347","isomap_359081","isomap_8586400",-45.35,-72.07,310,1991-12-31,-64,-8.9,83
"348","isomap_359082","isomap_8586400",-45.35,-72.07,310,1992-01-31,-58,-8.6,15
"349","isomap_359083","isomap_8586400",-45.35,-72.07,310,1992-02-29,-63,-8.1,30
"350","isomap_359084","isomap_8586400",-45.35,-72.07,310,1992-03-31,-70,-10.23,57
"351","isomap_359085","isomap_8586400",-45.35,-72.07,310,1992-04-30,-84,-11.6,65
"352","isomap_359086","isomap_8586400",-45.35,-72.07,310,1992-05-31,-93,-12.65,87
"353","isomap_359087","isomap_8586400",-45.35,-72.07,310,1992-06-30,-92,-12.9,111
"354","isomap_359088","isomap_8586400",-45.35,-72.07,310,1992-07-31,-90,-12.27,33
"355","isomap_359089","isomap_8586400",-45.35,-72.07,310,1992-08-31,-88,-12.1,60
"356","isomap_359090","isomap_8586400",-45.35,-72.07,310,1992-09-30,-88,-11.91,77
"357","isomap_359092","isomap_8586400",-45.35,-72.07,310,1992-11-30,-44,-4.78,40
"358","isomap_359093","isomap_8586400",-45.35,-72.07,310,1992-12-31,-70,-9.2,81
"359","isomap_359094","isomap_8586400",-45.35,-72.07,310,1993-01-31,-67,-8.84,43
"360","isomap_359095","isomap_8586400",-45.35,-72.07,310,1993-02-28,-71,-9.75,27
"361","isomap_359096","isomap_8586400",-45.35,-72.07,310,1993-03-31,-56,-7.51,127
"362","isomap_359097","isomap_8586400",-45.35,-72.07,310,1993-04-30,-81,-10.82,86
"363","isomap_359098","isomap_8586400",-45.35,-72.07,310,1993-05-31,-97,-13.06,125
"364","isomap_359099","isomap_8586400",-45.35,-72.07,310,1993-06-30,-83,-11.9,152
"365","isomap_359100","isomap_8586400",-45.35,-72.07,310,1993-07-31,-99,-13.2,76
"366","isomap_359101","isomap_8586400",-45.35,-72.07,310,1993-08-31,-92,-12.45,114
"367","isomap_359102","isomap_8586400",-45.35,-72.07,310,1993-09-30,-92,-12.5,28
"368","isomap_359103","isomap_8586400",-45.35,-72.07,310,1993-10-31,-77,-10.38,25
"369","isomap_359104","isomap_8586400",-45.35,-72.07,310,1993-11-30,-66,-8.98,45
"370","isomap_359105","isomap_8586400",-45.35,-72.07,310,1993-12-31,-56,-7.63,59
"371","isomap_359106","isomap_8586400",-45.35,-72.07,310,1994-01-31,-64,-8.63,99
"372","isomap_359107","isomap_8586400",-45.35,-72.07,310,1994-02-28,-65,-8.53,66
"373","isomap_359108","isomap_8586400",-45.35,-72.07,310,1994-03-31,-53,-7.45,19
"374","isomap_359109","isomap_8586400",-45.35,-72.07,310,1994-04-30,-79,-10.8,106
"375","isomap_359110","isomap_8586400",-45.35,-72.07,310,1994-05-31,-69,-9.83,236
"376","isomap_359111","isomap_8586400",-45.35,-72.07,310,1994-06-30,-72,-9.95,166
"377","isomap_359112","isomap_8586400",-45.35,-72.07,310,1994-07-31,-102,-13.52,134
"378","isomap_359113","isomap_8586400",-45.35,-72.07,310,1994-08-31,-120,-15.7,119
"379","isomap_359114","isomap_8586400",-45.35,-72.07,310,1994-09-30,-97,-12.65,125
"380","isomap_359115","isomap_8586400",-45.35,-72.07,310,1994-10-31,-68,-9.19,24
"381","isomap_359116","isomap_8586400",-45.35,-72.07,310,1994-11-30,-80,-10.85,62
"382","isomap_359117","isomap_8586400",-45.35,-72.07,310,1994-12-31,-60,-7.97,38
"383","isomap_359118","isomap_8586400",-45.35,-72.07,310,1995-01-31,-40,-4.65,26
"384","isomap_359119","isomap_8586400",-45.35,-72.07,310,1995-02-28,-64,-8.59,60
"385","isomap_359120","isomap_8586400",-45.35,-72.07,310,1995-03-31,-109,-14.15,116
"386","isomap_359121","isomap_8586400",-45.35,-72.07,310,1995-04-30,-79,-10.97,92
"387","isomap_359122","isomap_8586400",-45.35,-72.07,310,1995-05-31,-72,-10.13,155
"388","isomap_359123","isomap_8586400",-45.35,-72.07,310,1995-06-30,-84,-11.52,136
"389","isomap_359125","isomap_8586400",-45.35,-72.07,310,1995-08-31,-129,-16.49,67
"390","isomap_359126","isomap_8586400",-45.35,-72.07,310,1995-09-30,-81,-10.17,35
"391","isomap_359127","isomap_8586400",-45.35,-72.07,310,1995-10-31,-76,-9.5,53
"392","isomap_359128","isomap_8586400",-45.35,-72.07,310,1995-11-30,-64,-8.1,24
"393","isomap_359129","isomap_8586400",-45.35,-72.07,310,1995-12-31,-48,-6.56,17
"394","isomap_359130","isomap_8586400",-45.35,-72.07,310,1996-01-31,-77,-10.87,13
"395","isomap_359131","isomap_8586400",-45.35,-72.07,310,1996-02-29,-64,-7.49,86
"396","isomap_359132","isomap_8586400",-45.35,-72.07,310,1996-03-31,-65,-8.5,109
"397","isomap_359133","isomap_8586400",-45.35,-72.07,310,1996-04-30,-81,-9.97,178
"398","isomap_359134","isomap_8586400",-45.35,-72.07,310,1996-05-31,-68,-8.39,124
"399","isomap_359135","isomap_8586400",-45.35,-72.07,310,1996-06-30,-81,-8.93,77
"400","isomap_359136","isomap_8586400",-45.35,-72.07,310,1996-07-31,-85,-10.8,84
"401","isomap_359137","isomap_8586400",-45.35,-72.07,310,1996-08-31,-124,-15.75,300
"402","isomap_359138","isomap_8586400",-45.35,-72.07,310,1996-09-30,-122,-15.7,39
"403","isomap_359139","isomap_8586400",-45.35,-72.07,310,1996-10-31,-119,-15.35,55
"404","isomap_359140","isomap_8586400",-45.35,-72.07,310,1996-11-30,-105,-13.55,93
"405","isomap_359141","isomap_8586400",-45.35,-72.07,310,1996-12-31,-52,-6.44,47
"406","isomap_359142","isomap_8586400",-45.35,-72.07,310,1997-01-31,-65.1,-8.02,59
"407","isomap_359143","isomap_8586400",-45.35,-72.07,310,1997-02-28,-62.5,-7.81,32
"408","isomap_359144","isomap_8586400",-45.35,-72.07,310,1997-03-31,-78.3,-9.9,41
"409","isomap_359145","isomap_8586400",-45.35,-72.07,310,1997-04-30,-108.9,-14.7,179
"410","isomap_359146","isomap_8586400",-45.35,-72.07,310,1997-05-31,-100.3,-13.57,33
"411","isomap_359147","isomap_8586400",-45.35,-72.07,310,1997-06-30,-139.5,-18.89,123
"412","isomap_359148","isomap_8586400",-45.35,-72.07,310,1997-07-31,-94.7,-12.61,220
"413","isomap_359149","isomap_8586400",-45.35,-72.07,310,1997-08-31,-100.6,-13.36,217
"414","isomap_359150","isomap_8586400",-45.35,-72.07,310,1997-09-30,-100.8,-13.19,36
"415","isomap_359151","isomap_8586400",-45.35,-72.07,310,1997-10-31,-114.5,-14.43,111
"416","isomap_359152","isomap_8586400",-45.35,-72.07,310,1997-11-30,-80.2,-10.78,42
"417","isomap_359153","isomap_8586400",-45.35,-72.07,310,1997-12-31,-88.4,-11.85,27
"418","isomap_359154","isomap_8586400",-45.35,-72.07,310,1998-01-31,-81.4,-11.05,85
"419","isomap_359156","isomap_8586400",-45.35,-72.07,310,1998-03-31,-70.5,-9.25,70
"420","isomap_359157","isomap_8586400",-45.35,-72.07,310,1998-04-30,-72.1,-9.32,18
"421","isomap_359158","isomap_8586400",-45.35,-72.07,310,1998-05-31,-74.5,-9.8,79
"422","isomap_359159","isomap_8586400",-45.35,-72.07,310,1998-06-30,-85.1,-11.28,50
"423","isomap_359160","isomap_8586400",-45.35,-72.07,310,1998-07-31,-96.5,-12.82,304
"424","isomap_359161","isomap_8586400",-45.35,-72.07,310,1998-08-31,-89.2,-12,29
"425","isomap_359162","isomap_8586400",-45.35,-72.07,310,1998-09-30,-134.6,-17.54,14
"426","isomap_359163","isomap_8586400",-45.35,-72.07,310,1998-10-31,-73.2,-9.16,75
"427","isomap_359164","isomap_8586400",-45.35,-72.07,310,1998-11-30,-65.6,-8.14,41
"428","isomap_359974","isomap_8580100",-41.47,-72.93,13,1964-05-31,-29.8,-5.1,375
"429","isomap_359975","isomap_8580100",-41.47,-72.93,13,1964-06-30,-21.1,-3.5,252
"430","isomap_359976","isomap_8580100",-41.47,-72.93,13,1964-07-31,-67,-10.7,223
"431","isomap_359977","isomap_8580100",-41.47,-72.93,13,1964-08-31,-17.4,-3.5,268
"432","isomap_359978","isomap_8580100",-41.47,-72.93,13,1964-09-30,-35.4,-5.6,180
"433","isomap_359979","isomap_8580100",-41.47,-72.93,13,1964-10-31,-33.5,-5.1,67
"434","isomap_359982","isomap_8580100",-41.47,-72.93,13,1965-01-31,-19.9,-4.3,102
"435","isomap_359983","isomap_8580100",-41.47,-72.93,13,1965-02-28,-48.6,-7.24,198
"436","isomap_359984","isomap_8580100",-41.47,-72.93,13,1965-03-31,NA,-2.3,73
"437","isomap_359986","isomap_8580100",-41.47,-72.93,13,1965-05-31,-31.3,-5.33,169
"438","isomap_359987","isomap_8580100",-41.47,-72.93,13,1965-06-30,NA,-5.07,346
"439","isomap_359988","isomap_8580100",-41.47,-72.93,13,1965-07-31,NA,-8.03,267
"440","isomap_359989","isomap_8580100",-41.47,-72.93,13,1965-08-31,NA,-9.57,100
"441","isomap_359990","isomap_8580100",-41.47,-72.93,13,1965-09-30,NA,-7.86,85
"442","isomap_359992","isomap_8580100",-41.47,-72.93,13,1965-11-30,NA,-3.35,106
"443","isomap_359993","isomap_8580100",-41.47,-72.93,13,1965-12-31,NA,-2.55,143
"444","isomap_360036","isomap_8580100",-41.47,-72.93,13,1969-07-31,-54.4,-7.7,346
"445","isomap_360056","isomap_8580100",-41.47,-72.93,13,1971-03-31,NA,-3.96,151
"446","isomap_360058","isomap_8580100",-41.47,-72.93,13,1971-05-31,NA,-5.78,128
"447","isomap_360060","isomap_8580100",-41.47,-72.93,13,1971-07-31,NA,-6.65,317
"448","isomap_360061","isomap_8580100",-41.47,-72.93,13,1971-08-31,NA,-7.03,312
"449","isomap_360062","isomap_8580100",-41.47,-72.93,13,1971-09-30,NA,-4.86,158
"450","isomap_360063","isomap_8580100",-41.47,-72.93,13,1971-10-31,NA,-5.18,79
"451","isomap_360076","isomap_8580100",-41.47,-72.93,13,1972-11-30,-30.7,-4.82,59
"452","isomap_360084","isomap_8580100",-41.47,-72.93,13,1973-07-31,-52.9,-8,153
"453","isomap_360085","isomap_8580100",-41.47,-72.93,13,1973-08-31,-54.4,-7.62,211
"454","isomap_360086","isomap_8580100",-41.47,-72.93,13,1973-09-30,-22.8,-2.46,101
"455","isomap_360092","isomap_8580100",-41.47,-72.93,13,1974-03-31,-35.8,-5.87,129
"456","isomap_360094","isomap_8580100",-41.47,-72.93,13,1974-05-31,-70.2,-9.68,273
"457","isomap_360095","isomap_8580100",-41.47,-72.93,13,1974-06-30,-26,-4.96,222
"458","isomap_360096","isomap_8580100",-41.47,-72.93,13,1974-07-31,-49.6,-7.02,214
"459","isomap_360097","isomap_8580100",-41.47,-72.93,13,1974-08-31,-30.4,-4.91,147
"460","isomap_360098","isomap_8580100",-41.47,-72.93,13,1974-09-30,-29.8,-3.21,72
"461","isomap_360099","isomap_8580100",-41.47,-72.93,13,1974-10-31,-45.6,-6.07,88
"462","isomap_360100","isomap_8580100",-41.47,-72.93,13,1974-11-30,-23.3,-3.55,117
"463","isomap_360107","isomap_8580100",-41.47,-72.93,13,1975-06-30,-49.7,-7.09,192
"464","isomap_360108","isomap_8580100",-41.47,-72.93,13,1975-07-31,-46.9,-6.44,187
"465","isomap_360109","isomap_8580100",-41.47,-72.93,13,1975-08-31,-29.9,-4.17,155
"466","isomap_360110","isomap_8580100",-41.47,-72.93,13,1975-09-30,-21.5,-2.98,136
"467","isomap_360172","isomap_8580100",-41.47,-72.93,13,1988-11-30,-13,-3.5,51
"468","isomap_360173","isomap_8580100",-41.47,-72.93,13,1988-12-31,-21,-3.7,123
"469","isomap_360174","isomap_8580100",-41.47,-72.93,13,1989-01-31,-19,-5.3,82
"470","isomap_360175","isomap_8580100",-41.47,-72.93,13,1989-02-28,-41,-6,70
"471","isomap_360176","isomap_8580100",-41.47,-72.93,13,1989-03-31,-47,-6.9,122
"472","isomap_360177","isomap_8580100",-41.47,-72.93,13,1989-04-30,-25,-4.7,123
"473","isomap_360178","isomap_8580100",-41.47,-72.93,13,1989-05-31,-48,-9.2,49
"474","isomap_360179","isomap_8580100",-41.47,-72.93,13,1989-06-30,-46,-8.1,147
"475","isomap_360180","isomap_8580100",-41.47,-72.93,13,1989-07-31,-52,-8.3,166
"476","isomap_360181","isomap_8580100",-41.47,-72.93,13,1989-08-31,-49,-8.2,280
"477","isomap_360182","isomap_8580100",-41.47,-72.93,13,1989-09-30,-42,-7.8,105
"478","isomap_360183","isomap_8580100",-41.47,-72.93,13,1989-10-31,-53,-8.4,78
"479","isomap_360185","isomap_8580100",-41.47,-72.93,13,1989-12-31,-32,-5.6,170
"480","isomap_360186","isomap_8580100",-41.47,-72.93,13,1990-01-31,-23,-5.6,51
"481","isomap_360187","isomap_8580100",-41.47,-72.93,13,1990-02-28,-36,-6.6,34
"482","isomap_360188","isomap_8580100",-41.47,-72.93,13,1990-03-31,-44,-6.5,84
"483","isomap_360190","isomap_8580100",-41.47,-72.93,13,1990-05-31,-55,-8.2,164
"484","isomap_360191","isomap_8580100",-41.47,-72.93,13,1990-06-30,-35,-5.8,243
"485","isomap_360192","isomap_8580100",-41.47,-72.93,13,1990-07-31,-56,-7.6,106
"486","isomap_360193","isomap_8580100",-41.47,-72.93,13,1990-08-31,-63,-8,151
"487","isomap_360194","isomap_8580100",-41.47,-72.93,13,1990-09-30,-60,-8,174
"488","isomap_360195","isomap_8580100",-41.47,-72.93,13,1990-10-31,-36,-5.1,146
"489","isomap_360196","isomap_8580100",-41.47,-72.93,13,1990-11-30,-39,-5.5,82
"490","isomap_360197","isomap_8580100",-41.47,-72.93,13,1990-12-31,-27,-3.8,99
"491","isomap_360198","isomap_8580100",-41.47,-72.93,13,1991-01-31,-26,-4.9,96
"492","isomap_360199","isomap_8580100",-41.47,-72.93,13,1991-02-28,-24,-3.9,48
"493","isomap_360200","isomap_8580100",-41.47,-72.93,13,1991-03-31,-31,-4.9,84
"494","isomap_360201","isomap_8580100",-41.47,-72.93,13,1991-04-30,-36,-5.7,124
"495","isomap_360202","isomap_8580100",-41.47,-72.93,13,1991-05-31,-73,-10,233
"496","isomap_360205","isomap_8580100",-41.47,-72.93,13,1991-08-31,-43,-7.1,139
"497","isomap_360209","isomap_8580100",-41.47,-72.93,13,1991-12-31,-55,-7.7,311
"498","isomap_360213","isomap_8580100",-41.47,-72.93,13,1992-04-30,-42,-6.49,248
"499","isomap_360214","isomap_8580100",-41.47,-72.93,13,1992-05-31,-58,-8.17,246
"500","isomap_360215","isomap_8580100",-41.47,-72.93,13,1992-06-30,-59,-8.4,218
"501","isomap_360216","isomap_8580100",-41.47,-72.93,13,1992-07-31,-71,-10.28,109
"502","isomap_360217","isomap_8580100",-41.47,-72.93,13,1992-08-31,-52,-7.94,110.4
"503","isomap_360218","isomap_8580100",-41.47,-72.93,13,1992-09-30,-63,-9.34,202.8
"504","isomap_360219","isomap_8580100",-41.47,-72.93,13,1992-10-31,-46,-7.35,288.2
"505","isomap_360225","isomap_8580100",-41.47,-72.93,13,1993-04-30,-37,-5.73,226
"506","isomap_360226","isomap_8580100",-41.47,-72.93,13,1993-05-31,-94,-13.46,259
"507","isomap_360227","isomap_8580100",-41.47,-72.93,13,1993-06-30,-46,-7.35,263
"508","isomap_360228","isomap_8580100",-41.47,-72.93,13,1993-07-31,-48,-7.38,233
"509","isomap_360229","isomap_8580100",-41.47,-72.93,13,1993-08-31,-51,-7.32,97
"510","isomap_360230","isomap_8580100",-41.47,-72.93,13,1993-09-30,-28,-4.6,50
"511","isomap_360231","isomap_8580100",-41.47,-72.93,13,1993-10-31,-28,-4.81,125
"512","isomap_360232","isomap_8580100",-41.47,-72.93,13,1993-11-30,-37,-6.04,181
"513","isomap_360233","isomap_8580100",-41.47,-72.93,13,1993-12-31,-25,-4.01,90
"514","isomap_360236","isomap_8580100",-41.47,-72.93,13,1994-03-31,-38,-5.94,59
"515","isomap_360237","isomap_8580100",-41.47,-72.93,13,1994-04-30,-54,-8.37,152
"516","isomap_360238","isomap_8580100",-41.47,-72.93,13,1994-05-31,-47,-7.55,248
"517","isomap_360239","isomap_8580100",-41.47,-72.93,13,1994-06-30,-55,-7.79,314
"518","isomap_360240","isomap_8580100",-41.47,-72.93,13,1994-07-31,-61,-8.65,215
"519","isomap_360248","isomap_8580100",-41.47,-72.93,13,1995-03-31,-22,-4.1,61
"520","isomap_360249","isomap_8580100",-41.47,-72.93,13,1995-04-30,-38,-6.17,136
"521","isomap_360250","isomap_8580100",-41.47,-72.93,13,1995-05-31,-33,-5.91,210
"522","isomap_360251","isomap_8580100",-41.47,-72.93,13,1995-06-30,-56,-8.19,292
"523","isomap_360252","isomap_8580100",-41.47,-72.93,13,1995-07-31,-44,-8.02,181
"524","isomap_360253","isomap_8580100",-41.47,-72.93,13,1995-08-31,-62,-9.77,163
"525","isomap_360254","isomap_8580100",-41.47,-72.93,13,1995-09-30,-45,-6.46,86
"526","isomap_360255","isomap_8580100",-41.47,-72.93,13,1995-10-31,-49,-7.69,111
"527","isomap_360256","isomap_8580100",-41.47,-72.93,13,1995-11-30,-38,-6.91,50
"528","isomap_360257","isomap_8580100",-41.47,-72.93,13,1995-12-31,-15,-3.61,9
"529","isomap_360258","isomap_8580100",-41.47,-72.93,13,1996-01-31,-26,-3.5,59
"530","isomap_360259","isomap_8580100",-41.47,-72.93,13,1996-02-29,-42,-5.79,69
"531","isomap_360260","isomap_8580100",-41.47,-72.93,13,1996-03-31,-23,-4.09,147
"532","isomap_360261","isomap_8580100",-41.47,-72.93,13,1996-04-30,-36,-6.12,118
"533","isomap_360262","isomap_8580100",-41.47,-72.93,13,1996-05-31,-46,-6.87,134
"534","isomap_360263","isomap_8580100",-41.47,-72.93,13,1996-06-30,-34,-5.1,69
"535","isomap_360264","isomap_8580100",-41.47,-72.93,13,1996-07-31,-45,-5.69,82
"536","isomap_360265","isomap_8580100",-41.47,-72.93,13,1996-08-31,-47,-7.37,127
"537","isomap_360266","isomap_8580100",-41.47,-72.93,13,1996-09-30,-46,-6.94,98
"538","isomap_360267","isomap_8580100",-41.47,-72.93,13,1996-10-31,-34,-5.2,90
"539","isomap_360268","isomap_8580100",-41.47,-72.93,13,1996-11-30,-27,-4.35,152
"540","isomap_360269","isomap_8580100",-41.47,-72.93,13,1996-12-31,-20,-3.32,90
"541","isomap_360270","isomap_8580100",-41.47,-72.93,13,1997-01-31,-25,-4.3,249
"542","isomap_360271","isomap_8580100",-41.47,-72.93,13,1997-02-28,-33.5,-4.5,57
"543","isomap_360272","isomap_8580100",-41.47,-72.93,13,1997-03-31,-24,-3.5,41
"544","isomap_360273","isomap_8580100",-41.47,-72.93,13,1997-04-30,-47,-6.7,277
"545","isomap_360274","isomap_8580100",-41.47,-72.93,13,1997-05-31,-58,-9.13,112
"546","isomap_360275","isomap_8580100",-41.47,-72.93,13,1997-06-30,-46.5,-7.34,357
"547","isomap_360276","isomap_8580100",-41.47,-72.93,13,1997-07-31,-54.4,-8.11,280
"548","isomap_360277","isomap_8580100",-41.47,-72.93,13,1997-08-31,-61.4,-8.8,192
"549","isomap_360278","isomap_8580100",-41.47,-72.93,13,1997-09-30,-62.7,-8.7,135
"550","isomap_360279","isomap_8580100",-41.47,-72.93,13,1997-10-31,-62.4,-8.9,177
"551","isomap_360280","isomap_8580100",-41.47,-72.93,13,1997-11-30,-21.8,-2.87,109
"552","isomap_360282","isomap_8580100",-41.47,-72.93,13,1998-01-31,-14.2,-2.62,28
"553","isomap_360283","isomap_8580100",-41.47,-72.93,13,1998-02-28,-18.2,-2.76,11
"554","isomap_360284","isomap_8580100",-41.47,-72.93,13,1998-03-31,-42.8,-6.49,86
"555","isomap_360285","isomap_8580100",-41.47,-72.93,13,1998-04-30,-43.1,-6.7,72
"556","isomap_360286","isomap_8580100",-41.47,-72.93,13,1998-05-31,-39.5,-5.94,105
"557","isomap_360287","isomap_8580100",-41.47,-72.93,13,1998-06-30,-62,-8.79,108
"558","isomap_360288","isomap_8580100",-41.47,-72.93,13,1998-07-31,-45.7,-6.94,131
"559","isomap_360289","isomap_8580100",-41.47,-72.93,13,1998-08-31,-48.4,-7.51,209
"560","isomap_360290","isomap_8580100",-41.47,-72.93,13,1998-09-30,-49,-7.38,93
"561","isomap_360291","isomap_8580100",-41.47,-72.93,13,1998-10-31,-37.9,-5.81,55
"562","isomap_360292","isomap_8580100",-41.47,-72.93,13,1998-11-30,-33.6,-5.06,76
"563","isomap_360293","isomap_8580100",-41.47,-72.93,13,1998-12-31,-13.6,-2.43,64
"564","isomap_360295","isomap_8580100",-41.47,-72.93,13,1999-02-28,-56.4,-8.36,45.2
"565","isomap_360296","isomap_8580100",-41.47,-72.93,13,1999-03-31,-37.2,-6.21,116.8
"566","isomap_360297","isomap_8580100",-41.47,-72.93,13,1999-04-30,-27,-4.83,65
"567","isomap_360298","isomap_8580100",-41.47,-72.93,13,1999-05-31,-65.2,-9.26,125.4
"568","isomap_360299","isomap_8580100",-41.47,-72.93,13,1999-06-30,-65.2,-9.62,247.4
"569","isomap_360300","isomap_8580100",-41.47,-72.93,13,1999-07-31,-49.4,-7.25,136.4
"570","isomap_360301","isomap_8580100",-41.47,-72.93,13,1999-08-31,-51.7,-7.48,207.8
"571","isomap_360302","isomap_8580100",-41.47,-72.93,13,1999-09-30,-51.2,-7.47,138
"572","isomap_360303","isomap_8580100",-41.47,-72.93,13,1999-10-31,-27.3,-4.26,50.4
"573","isomap_360304","isomap_8580100",-41.47,-72.93,13,1999-11-30,-14.2,-2.93,67.4
"574","isomap_360305","isomap_8580100",-41.47,-72.93,13,1999-12-31,-25.4,-4.26,79.6
"575","isomap_360306","isomap_8580100",-41.47,-72.93,13,2002-01-31,-16.9,-2.81,70
"576","isomap_360307","isomap_8580100",-41.47,-72.93,13,2002-02-28,-28.1,-4.76,113.8
"577","isomap_360308","isomap_8580100",-41.47,-72.93,13,2002-03-31,-32.8,-5.82,115.5
"578","isomap_360309","isomap_8580100",-41.47,-72.93,13,2002-04-30,-43.5,-7.14,151.6
"579","isomap_360310","isomap_8580100",-41.47,-72.93,13,2002-05-31,-66.7,-10.05,345.2
"580","isomap_360311","isomap_8580100",-41.47,-72.93,13,2002-06-30,-57.5,-8.61,209.8
"581","isomap_360312","isomap_8580100",-41.47,-72.93,13,2002-07-31,-52.5,-7.82,130.8
"582","isomap_360313","isomap_8580100",-41.47,-72.93,13,2002-08-31,-52.8,-7.83,196.8
"583","isomap_360314","isomap_8580100",-41.47,-72.93,13,2002-09-30,-27.4,-4.3,178.4
"584","isomap_360315","isomap_8580100",-41.47,-72.93,13,2002-10-31,-60.2,-8.68,260.4
"585","isomap_360316","isomap_8580100",-41.47,-72.93,13,2002-11-30,-35.5,-5.53,170.2
"586","isomap_360317","isomap_8580100",-41.47,-72.93,13,2002-12-31,-8.8,-2.11,92.8
"587","isomap_360324","isomap_8580100",-41.47,-72.93,13,2003-07-31,-75.1,-10.91,127.8
"588","isomap_360325","isomap_8580100",-41.47,-72.93,13,2003-08-31,-40.1,-6.24,182.8
"589","isomap_360326","isomap_8580100",-41.47,-72.93,13,2003-09-30,-52.6,-7.11,140
"590","isomap_360327","isomap_8580100",-41.47,-72.93,13,2003-10-31,-34.3,-4.93,94.8
"591","isomap_360328","isomap_8580100",-41.47,-72.93,13,2003-11-30,-33.4,-5.21,131.3
"592","isomap_360329","isomap_8580100",-41.47,-72.93,13,2003-12-31,-14.1,-3.1,122
"593","isomap_360330","isomap_8580100",-41.47,-72.93,13,2004-01-31,-24.4,-3.69,67.8
"594","isomap_360332","isomap_8580100",-41.47,-72.93,13,2004-03-31,-27,-4.62,116.4
"595","isomap_360333","isomap_8580100",-41.47,-72.93,13,2004-04-30,-40.8,-6.31,265.6
"596","isomap_360334","isomap_8580100",-41.47,-72.93,13,2004-05-31,-39.3,-6.6,49.6
"597","isomap_360335","isomap_8580100",-41.47,-72.93,13,2004-06-30,-45.7,-7.46,326
"598","isomap_360336","isomap_8580100",-41.47,-72.93,13,2004-07-31,-59.3,-9.07,133.8
"599","isomap_360337","isomap_8580100",-41.47,-72.93,13,2004-08-31,-52.2,-7.48,131.2
"600","isomap_360338","isomap_8580100",-41.47,-72.93,13,2004-09-30,-32.6,-5.45,103.8
"601","isomap_360339","isomap_8580100",-41.47,-72.93,13,2004-10-31,-41.7,-6.2,170.4
"602","isomap_360340","isomap_8580100",-41.47,-72.93,13,2004-11-30,-15.8,-1.2,81
"603","isomap_360341","isomap_8580100",-41.47,-72.93,13,2004-12-31,-18.4,-2.96,84.6
"604","isomap_360342","isomap_8580100",-41.47,-72.93,13,2005-01-31,-19.3,-2.77,68
"605","isomap_360343","isomap_8580100",-41.47,-72.93,13,2005-02-28,-4.4,1.13,14.8
"606","isomap_360344","isomap_8580100",-41.47,-72.93,13,2005-03-31,-32.4,-5.36,192
"607","isomap_360345","isomap_8580100",-41.47,-72.93,13,2005-04-30,-35.8,-5.86,126.6
"608","isomap_360346","isomap_8580100",-41.47,-72.93,13,2005-05-31,-32.7,-5.52,388.1
"609","isomap_360347","isomap_8580100",-41.47,-72.93,13,2005-06-30,-46.8,-7.37,226
"610","isomap_360348","isomap_8580100",-41.47,-72.93,13,2005-07-31,-54.6,-8.18,212.8
"611","isomap_360349","isomap_8580100",-41.47,-72.93,13,2005-08-31,-56.6,-8.27,201.4
"612","isomap_360350","isomap_8580100",-41.47,-72.93,13,2005-09-30,-53.4,-7.63,71.4
"613","isomap_360351","isomap_8580100",-41.47,-72.93,13,2005-10-31,-45.4,-6.49,44.8
"614","isomap_360352","isomap_8580100",-41.47,-72.93,13,2005-11-30,-28,-4.21,169.7
"615","isomap_360353","isomap_8580100",-41.47,-72.93,13,2005-12-31,-40.5,-6.09,52
"616","isomap_360354","isomap_8580100",-41.47,-72.93,13,2006-01-31,-25.3,-3.7,137.5
"617","isomap_360355","isomap_8580100",-41.47,-72.93,13,2006-02-28,-35.9,-5.39,70.7
"618","isomap_360356","isomap_8580100",-41.47,-72.93,13,2006-03-31,-39.3,-6.2,149
"619","isomap_360357","isomap_8580100",-41.47,-72.93,13,2006-04-30,-48.3,-6.84,163.2
"620","isomap_360358","isomap_8580100",-41.47,-72.93,13,2006-05-31,-61,-8.92,156.6
"621","isomap_360359","isomap_8580100",-41.47,-72.93,13,2006-06-30,-55.5,-8.01,293.2
"622","isomap_360360","isomap_8580100",-41.47,-72.93,13,2006-07-31,-57.4,-8.65,280.4
"623","isomap_360361","isomap_8580100",-41.47,-72.93,13,2006-08-31,-52.8,-7.96,126
"624","isomap_360362","isomap_8580100",-41.47,-72.93,13,2006-09-30,-37.2,-5.71,138.8
"625","isomap_360363","isomap_8580100",-41.47,-72.93,13,2006-10-31,-37.7,-6.35,176.2
"626","isomap_360364","isomap_8580100",-41.47,-72.93,13,2006-11-30,-38.2,-5.02,63.9
"627","isomap_360365","isomap_8580100",-41.47,-72.93,13,2006-12-31,-35.1,-4.9,175.2
"628","isomap_360366","isomap_8580100",-41.47,-72.93,13,2007-01-31,-37,-4.79,21.6
"629","isomap_360367","isomap_8580100",-41.47,-72.93,13,2007-02-28,-40.7,-6.2,44.8
"630","isomap_360368","isomap_8580100",-41.47,-72.93,13,2007-03-31,-26.8,-3.86,77.4
"631","isomap_360369","isomap_8580100",-41.47,-72.93,13,2007-04-30,-21.1,-4.43,141.1
"632","isomap_360370","isomap_8580100",-41.47,-72.93,13,2007-05-31,-36,-5.87,82.9
"633","isomap_360371","isomap_8580100",-41.47,-72.93,13,2007-06-30,-42.2,-6.89,138.4
"634","isomap_360372","isomap_8580100",-41.47,-72.93,13,2007-07-31,-51.7,-7.71,178.2
"635","isomap_360373","isomap_8580100",-41.47,-72.93,13,2007-08-31,-65.4,-9,148.2
"636","isomap_360374","isomap_8580100",-41.47,-72.93,13,2007-09-30,-49.4,-7.25,81.7
"637","isomap_360375","isomap_8580100",-41.47,-72.93,13,2007-10-31,-37.5,-5.45,144.8
"638","isomap_360376","isomap_8580100",-41.47,-72.93,13,2007-11-30,-30.3,-4.48,51.4
"639","isomap_360377","isomap_8580100",-41.47,-72.93,13,2007-12-31,-21,-2.68,61.2
"640","isomap_360378","isomap_8580100",-41.47,-72.93,13,2008-01-31,-3.9,-0.42,39.7
"641","isomap_360379","isomap_8580100",-41.47,-72.93,13,2008-02-28,-17.2,-1.82,43.8
"642","isomap_360381","isomap_8580100",-41.47,-72.93,13,2008-04-30,-32.8,-5.46,160.6
"643","isomap_360382","isomap_8580100",-41.47,-72.93,13,2008-05-31,-49.6,-7.68,354.6
"644","isomap_360383","isomap_8580100",-41.47,-72.93,13,2008-06-30,-35.3,-5.54,169.2
"645","isomap_360384","isomap_8580100",-41.47,-72.93,13,2008-07-31,-52,-7.46,268.4
"646","isomap_360385","isomap_8580100",-41.47,-72.93,13,2008-08-31,-48.6,-7.25,233.2
"647","isomap_360386","isomap_8580100",-41.47,-72.93,13,2008-09-30,-45.5,-6.01,42.9
"648","isomap_360387","isomap_8580100",-41.47,-72.93,13,2008-10-31,-21.9,-2.52,59.4
"649","isomap_360388","isomap_8580100",-41.47,-72.93,13,2008-11-30,-29.4,-4.28,119.8
"650","isomap_360389","isomap_8580100",-41.47,-72.93,13,2008-12-31,-28,-4.2,29.8
"651","isomap_360390","isomap_8580100",-41.47,-72.93,13,2009-01-31,20.4,6.68,31.6
"652","isomap_360391","isomap_8580100",-41.47,-72.93,13,2009-02-28,-37.8,-5.03,115.6
"653","isomap_360392","isomap_8580100",-41.47,-72.93,13,2009-03-31,-7.2,-1.3,66.6
"654","isomap_360393","isomap_8580100",-41.47,-72.93,13,2009-04-30,-17.4,-3.08,141
"655","isomap_360394","isomap_8580100",-41.47,-72.93,13,2009-05-31,-43.9,-6.77,215.8
"656","isomap_360395","isomap_8580100",-41.47,-72.93,13,2009-06-30,-79.3,-11.46,187.6
"657","isomap_360396","isomap_8580100",-41.47,-72.93,13,2009-07-31,-47.9,-7.38,82.6
"658","isomap_360397","isomap_8580100",-41.47,-72.93,13,2009-08-31,-50.7,-7.31,263
"659","isomap_360398","isomap_8580100",-41.47,-72.93,13,2009-09-30,-49.3,-7,70.8
"660","isomap_360399","isomap_8580100",-41.47,-72.93,13,2009-10-31,-45.9,-6.89,137.1
"661","isomap_360400","isomap_8580100",-41.47,-72.93,13,2009-11-30,-41.7,-5.77,162.6
"662","isomap_360401","isomap_8580100",-41.47,-72.93,13,2009-12-31,-37.9,-5.27,118.6
"663","isomap_360915","isomap_8574300",-38.73263889,-72.58922222,114,1988-10-31,-44,-5.6,99
"664","isomap_360919","isomap_8574300",-38.73263889,-72.58922222,114,1989-02-28,-28,-4.3,17
"665","isomap_360920","isomap_8574300",-38.73263889,-72.58922222,114,1989-03-31,-44,-6.3,44
"666","isomap_360921","isomap_8574300",-38.73263889,-72.58922222,114,1989-04-30,-18,-2.7,23
"667","isomap_360922","isomap_8574300",-38.73263889,-72.58922222,114,1989-05-31,-55,-9,50
"668","isomap_360923","isomap_8574300",-38.73263889,-72.58922222,114,1989-06-30,-60,-7.8,234
"669","isomap_360924","isomap_8574300",-38.73263889,-72.58922222,114,1989-07-31,-60,-8.7,158
"670","isomap_360925","isomap_8574300",-38.73263889,-72.58922222,114,1989-08-31,-65,-8.5,140
"671","isomap_360928","isomap_8574300",-38.73263889,-72.58922222,114,1989-11-30,-42,-8.3,21
"672","isomap_360929","isomap_8574300",-38.73263889,-72.58922222,114,1989-12-31,-50,-7.7,112
"673","isomap_360932","isomap_8574300",-38.73263889,-72.58922222,114,1990-03-31,-53,-7.4,103
"674","isomap_360933","isomap_8574300",-38.73263889,-72.58922222,114,1990-04-30,-43,-5.8,71
"675","isomap_360934","isomap_8574300",-38.73263889,-72.58922222,114,1990-05-31,-34,-5.9,172
"676","isomap_360935","isomap_8574300",-38.73263889,-72.58922222,114,1990-06-30,-37,-4.8,155
"677","isomap_360936","isomap_8574300",-38.73263889,-72.58922222,114,1990-07-31,-50,-5.8,97
"678","isomap_360939","isomap_8574300",-38.73263889,-72.58922222,114,1990-10-31,-66,-9.4,50
"679","isomap_360940","isomap_8574300",-38.73263889,-72.58922222,114,1990-11-30,-34,-6.1,45
"680","isomap_360941","isomap_8574300",-38.73263889,-72.58922222,114,1990-12-31,-28,-5.3,17
"681","isomap_360942","isomap_8574300",-38.73263889,-72.58922222,114,1991-01-31,-40,-5.9,38
"682","isomap_360943","isomap_8574300",-38.73263889,-72.58922222,114,1991-02-28,-48,-7.2,9
"683","isomap_360945","isomap_8574300",-38.73263889,-72.58922222,114,1991-04-30,-55,-8.4,153
"684","isomap_360946","isomap_8574300",-38.73263889,-72.58922222,114,1991-05-31,-56,-8.1,240
"685","isomap_360947","isomap_8574300",-38.73263889,-72.58922222,114,1991-06-30,-63,-8.6,128
"686","isomap_360948","isomap_8574300",-38.73263889,-72.58922222,114,1991-07-31,-50,-7.1,198
"687","isomap_360949","isomap_8574300",-38.73263889,-72.58922222,114,1991-08-31,-37,-6.4,77
"688","isomap_360950","isomap_8574300",-38.73263889,-72.58922222,114,1991-09-30,-53,-7.7,127
"689","isomap_360952","isomap_8574300",-38.73263889,-72.58922222,114,1991-11-30,-64,-9,51
"690","isomap_390987","isomap_8580100",-41.47,-72.93,13,2010-04-30,-23.4,-2.95,67.8
"691","isomap_390988","isomap_8580100",-41.47,-72.93,13,2010-05-31,-33.6,-4.58,111.6
"692","isomap_390989","isomap_8580100",-41.47,-72.93,13,2010-06-30,-40.5,-5.76,197.4
"693","isomap_390990","isomap_8580100",-41.47,-72.93,13,2010-07-31,-69,-9.57,123
"694","isomap_390991","isomap_8580100",-41.47,-72.93,13,2010-08-31,-57.5,-7.42,156
"695","isomap_390992","isomap_8580100",-41.47,-72.93,13,2010-09-30,-32.3,-4.87,84.8
"696","isomap_390993","isomap_8580100",-41.47,-72.93,13,2010-10-31,-35.3,-4.86,94
"697","isomap_390996","isomap_8580100",-41.47,-72.93,13,2011-01-31,-22.3,-3.33,115.6
"698","isomap_390998","isomap_8580100",-41.47,-72.93,13,2011-03-31,-26.2,-4.87,190.8
"699","isomap_390999","isomap_8580100",-41.47,-72.93,13,2011-04-30,-31.7,-5.61,122
"700","isomap_391000","isomap_8580100",-41.47,-72.93,13,2011-05-31,-40.7,-6.6,136.2
"701","isomap_391001","isomap_8580100",-41.47,-72.93,13,2011-06-30,-43.8,-6.98,188
"702","isomap_391002","isomap_8580100",-41.47,-72.93,13,2011-07-31,-46.2,-7.2,264.4
"703","isomap_391003","isomap_8580100",-41.47,-72.93,13,2011-08-31,-33.3,-4.8,200.8
"704","isomap_391004","isomap_8580100",-41.47,-72.93,13,2011-09-30,-40.3,-6.23,173
"705","isomap_404284","isomap_8580100",-41.47,-72.93,13,2012-01-31,-32,-5.17,70.2
"706","isomap_404287","isomap_8580100",-41.47,-72.93,13,2012-04-30,-0.8,-0.71,87.2
"707","isomap_404288","isomap_8580100",-41.47,-72.93,13,2012-05-31,-37.8,-6.32,226.4
"708","isomap_404289","isomap_8580100",-41.47,-72.93,13,2012-06-30,-46.9,-7.05,243
"709","isomap_404290","isomap_8580100",-41.47,-72.93,13,2012-07-31,-32.9,-5.46,166.8
"710","isomap_405575","isomap_8580100",-41.47,-72.93,13,2013-01-31,-31.6,-4.27,37.8
"711","isomap_405576","isomap_8580100",-41.47,-72.93,13,2013-02-28,-6.9,-1.04,117.4
"712","isomap_405578","isomap_8580100",-41.47,-72.93,13,2013-04-30,-64.4,-9.21,136.8
"713","isomap_405579","isomap_8580100",-41.47,-72.93,13,2013-05-31,-57.4,-8.17,232
"714","isomap_405580","isomap_8580100",-41.47,-72.93,13,2013-06-30,-34.4,-5.52,225
"715","isomap_405581","isomap_8580100",-41.47,-72.93,13,2013-07-31,-21.8,-4.18,175.2
"716","isomap_405582","isomap_8580100",-41.47,-72.93,13,2013-08-31,-22,-4.13,229
"717","isomap_419779","isomap_8580100",-41.47,-72.93,13,2014-03-31,-13.5,-2.45,105.8
"718","isomap_419780","isomap_8580100",-41.47,-72.93,13,2014-04-30,-28.1,-4.87,154.8
"719","isomap_419781","isomap_8580100",-41.47,-72.93,13,2014-05-31,-32.5,-5.62,190
"720","isomap_419782","isomap_8580100",-41.47,-72.93,13,2014-06-30,-101.1,-14.49,238.4
"721","isomap_419783","isomap_8580100",-41.47,-72.93,13,2014-07-31,-55.4,-7.69,202.2
"722","isomap_419785","isomap_8580100",-41.47,-72.93,13,2014-09-30,-36.7,-5.44,138.4
"723","isomap_419786","isomap_8580100",-41.47,-72.93,13,2014-10-31,-28.2,-5.47,103.2
"724","isomap_419787","isomap_8580100",-41.47,-72.93,13,2014-11-30,12,0.7,52
"725","isomap_98204","isomap_8776501",-41.15,-71.33,790,1996-10-31,-77,-10.6,21
"726","isomap_98205","isomap_8776501",-41.15,-71.33,790,1996-11-30,-82,-11,25
"727","isomap_98206","isomap_8776501",-41.15,-71.33,790,1996-12-31,-82,-11,28
"728","isomap_98207","isomap_8776501",-41.15,-71.33,790,1997-01-31,-55,-7.7,64
"729","isomap_98208","isomap_8776501",-41.15,-71.33,790,1997-02-28,-90,-12.2,71
"730","isomap_98209","isomap_8776501",-41.15,-71.33,790,1997-03-31,-69,-8.8,16
"731","isomap_98210","isomap_8776501",-41.15,-71.33,790,1997-04-30,-101,-13.1,185
"732","isomap_98211","isomap_8776501",-41.15,-71.33,790,1997-05-31,-108,-14.4,74
"733","isomap_98212","isomap_8776501",-41.15,-71.33,790,1997-06-30,-120,-15.9,160
"734","isomap_98213","isomap_8776501",-41.15,-71.33,790,1997-07-31,-89,-11.9,250
"735","isomap_98214","isomap_8776501",-41.15,-71.33,790,1997-08-31,-65,-8.8,97
"736","isomap_98216","isomap_8776501",-41.15,-71.33,790,1997-10-31,-90,-11.8,51
"737","isomap_98217","isomap_8776501",-41.15,-71.33,790,1997-11-30,-71,-9.7,104
"738","isomap_98218","isomap_8776501",-41.15,-71.33,790,1997-12-31,-71,-9.3,26
"739","isomap_98219","isomap_8776501",-41.15,-71.33,790,1998-01-31,-47,-6.5,3
"740","isomap_98220","isomap_8776501",-41.15,-71.33,790,1998-02-28,-49,-6.8,15
"741","isomap_98221","isomap_8776501",-41.15,-71.33,790,1998-03-31,-66,-10.4,12
"742","isomap_98222","isomap_8776501",-41.15,-71.33,790,1998-04-30,-91,-13.3,76
"743","isomap_98223","isomap_8776501",-41.15,-71.33,790,1998-05-31,-75,-11,50
"744","isomap_98224","isomap_8776501",-41.15,-71.33,790,1998-06-30,-91,-13.3,46
"745","isomap_98225","isomap_8776501",-41.15,-71.33,790,1998-07-31,-86,-13.1,97
"746","isomap_98226","isomap_8776501",-41.15,-71.33,790,1998-08-31,-104,-15,69
"747","isomap_98227","isomap_8776501",-41.15,-71.33,790,1998-09-30,-113,-15.2,47
"748","isomap_98228","isomap_8776501",-41.15,-71.33,790,1998-10-31,-48,-7,7
"749","isomap_98229","isomap_8776501",-41.15,-71.33,790,1998-11-30,-116,-16.2,9
"750","isomap_98230","isomap_8776501",-41.15,-71.33,790,1998-12-31,-96,-12.8,5
